{
  "baseline": "logreg",
  "xgb_scores": {
    "mean_accuracy": 0.5205865785645587,
    "mean_precision": 0.41237341467652466,
    "mean_recall": 0.39591245204398395,
    "std_precision": 0.004336920120009404,
    "std_recall": 0.004753909517661146,
    "mean_brier": 0.5843099260478033,
    "mean_net_return": -0.14316227607620607,
    "n_folds": 9
  },
  "logreg_scores": {
    "mean_accuracy": 0.5285751250431079,
    "mean_precision": 0.3133414744192604,
    "mean_recall": 0.3552883344654833,
    "std_precision": 0.054018512948624406,
    "std_recall": 0.012513116284392247,
    "mean_brier": 0.5816376603407413,
    "mean_net_return": -0.03837851312582119,
    "n_folds": 9
  }
}