{
  "return_1": 0.00746494091945374,
  "return_5": 0.013192978799349924,
  "volatility_20": 0.08045700120861832,
  "rsi_14": 0.00876819725828526,
  "macd": 0.012064959872146067,
  "macd_signal": 0.013131319451774922,
  "macd_hist": 0.0026654023966223733,
  "atr_14": 0.108196783274673,
  "ma_gap_20": 0.013884163623194579,
  "ma_gap_50": 0.0325905717091501,
  "SP500_return_1": 0.007523277788673629,
  "SP500_return_5": 0.02305999803413613,
  "SP500_return_20": 0.0432840421606414,
  "VIX_return_1": 0.01014204204970166,
  "VIX_return_5": 0.09737582470138009,
  "VIX_return_20": 0.2635777596869821,
  "GOLD_return_1": 0.006502700692885695,
  "GOLD_return_5": 0.031005221300757023,
  "GOLD_return_20": 0.0738381987481149,
  "OIL_return_1": 0.018887387332365342,
  "OIL_return_5": 0.0630962365634051,
  "OIL_return_20": 0.10627804986306175,
  "TREASURY_10Y_return_1": 0.005250224357277079,
  "TREASURY_10Y_return_5": 0.05054358002921759,
  "TREASURY_10Y_return_20": 0.18006582926939524,
  "TREASURY_10Y_change_1": 0.014356772282272948,
  "TREASURY_10Y_change_5": 0.21127728412273947,
  "is_cpi_window": 0.0,
  "is_fomc_day": 0.0,
  "minutes_to_event": 0.0005245265042964104,
  "policy_rate_level": 0.10328669886026932,
  "is_london_session": 1.3641588092202146,
  "is_ny_session": 0.06482207999178329,
  "sentiment_score": 0.024724358748277026,
  "chronos_pred_return": 0.004826096403729526,
  "timesfm_pred_return": 0.0
}