{
  "horizon": 6,
  "model": "xgb",
  "correlation": 0.03189925405028336,
  "mae": 0.0004223052604591626,
  "rmse": 0.0006383486753007401,
  "directional_hit_rate": 0.5062614703659721,
  "net_return": -0.2570192821315761,
  "n_trades": 3278
}